,,CRPS,Skill_Avg
2__PSTAT001,Persistent,0.04541518730246106,0.0
2__PSTAT001,AR Logit Default,0.0442853262225124,0.024878485525643406
2__PSTAT001,AR Flx Logit,0.04434752417378138,0.023508944740646805
2__PSTAT001,RLS,0.04544245101701298,-0.0006003215261527005
2__PSTAT001,sRLS,0.04444492830695414,0.021364196717831064
2__PSTAT001,RMLE,0.044348978484934166,0.023476922167600844
2__PSTAT001,sRMLE,0.04434906344157975,0.02347505150162691
2__PSTAT001,Bayes,0.044250219388766,0.02565150520984266
2__PSTAT001,Ada Bayes,0.04401627613517443,0.03080271711685365
2__PSTAT002,Persistent,0.04234854567549291,0.0
2__PSTAT002,AR Logit Default,0.041163567361877304,0.02798155862767574
2__PSTAT002,AR Flx Logit,0.04116177908776994,0.028023786148806396
2__PSTAT002,RLS,0.04216266033832646,0.00438941489492573
2__PSTAT002,sRLS,0.04098645874508852,0.03216372389365498
2__PSTAT002,RMLE,0.04116333412049976,0.02798706628735625
2__PSTAT002,sRMLE,0.041163065210129114,0.027993416219009283
2__PSTAT002,Bayes,0.040905576405828335,0.03407364400944761
2__PSTAT002,Ada Bayes,0.04055533597198482,0.042344068135162095
E_ABRTW-1,Persistent,0.03779178218077295,0.0
E_ABRTW-1,AR Logit Default,0.03722496565184485,0.014998406960984116
E_ABRTW-1,AR Flx Logit,0.03724872074479183,0.014369828694064769
E_ABRTW-1,RLS,0.038431307610706386,-0.016922341128934763
E_ABRTW-1,sRLS,0.03713452234412353,0.017391607347477942
E_ABRTW-1,RMLE,0.037247961943587815,0.014389907165103438
E_ABRTW-1,sRMLE,0.037249950697868565,0.014337283177400573
E_ABRTW-1,Bayes,0.037134022556588035,0.017404832115050572
E_ABRTW-1,Ada Bayes,0.036826027933980564,0.02555460978719665
E_ASHWW-1,Persistent,0.043570820179255995,-3.1851105282662675e-16
E_ASHWW-1,AR Logit Default,0.044192422254279586,-0.014266476335911351
E_ASHWW-1,AR Flx Logit,0.04370073948264912,-0.002981796139219583
E_ASHWW-1,RLS,0.04541326319367799,-0.04228616782612682
E_ASHWW-1,sRLS,0.04370712178752675,-0.003128277312889752
E_ASHWW-1,RMLE,0.04369957011869759,-0.00295495790329196
E_ASHWW-1,sRMLE,0.04369907383190195,-0.0029435675554950478
E_ASHWW-1,Bayes,0.043629786963432664,-0.0013533549273134068
E_ASHWW-1,Ada Bayes,0.043152870227190214,0.009592427921858418
E_BABAW-1,Persistent,0.04426329444258835,0.0
E_BABAW-1,AR Logit Default,0.04399199687957029,0.006129176927170336
E_BABAW-1,AR Flx Logit,0.04397571727991169,0.006496966985809486
E_BABAW-1,RLS,0.04529021389890683,-0.0232002490833673
E_BABAW-1,sRLS,0.04403412532777238,0.005177407549571667
E_BABAW-1,RMLE,0.043974417756465774,0.006526325926717067
E_BABAW-1,sRMLE,0.04397621679386172,0.006485681925437911
E_BABAW-1,Bayes,0.043921515985901306,0.0077214870919819715
E_BABAW-1,Ada Bayes,0.04362053125064598,0.014521359063683443
E_BETHW-1,Persistent,0.048626156717077346,0.0
E_BETHW-1,AR Logit Default,0.04837376847988468,0.005190380121158734
E_BETHW-1,AR Flx Logit,0.04829319324646391,0.006847414911910981
E_BETHW-1,RLS,0.05045596883391899,-0.03763020235154681
E_BETHW-1,sRLS,0.048272931778164975,0.007264093293811954
E_BETHW-1,RMLE,0.048281236588258884,0.00709330434698588
E_BETHW-1,sRMLE,0.04829439202312705,0.006822761993727207
E_BETHW-1,Bayes,0.04816234955816825,0.009538223668542784
E_BETHW-1,Ada Bayes,0.04801112764468537,0.012648111919895599
E_BNWKW-1,Persistent,0.05548830873951485,0.0
E_BNWKW-1,AR Logit Default,0.05294451175076877,0.04584383713491283
E_BNWKW-1,AR Flx Logit,0.05301793008478934,0.04452070554758651
E_BNWKW-1,RLS,0.054943275807912306,0.009822482320756193
E_BNWKW-1,sRLS,0.053384421194780554,0.037915870793806664
E_BNWKW-1,RMLE,0.0530195971792,0.04449066148157465
E_BNWKW-1,sRMLE,0.053020434066294746,0.04447557925770155
E_BNWKW-1,Bayes,0.05293836585080507,0.0459545974032164
E_BNWKW-1,Ada Bayes,0.05260589595050031,0.05194630823126695
E_BRDUW-1,Persistent,0.03845636521716785,0.0
E_BRDUW-1,AR Logit Default,0.03724547071303397,0.031487492312282074
E_BRDUW-1,AR Flx Logit,0.03723533294750694,0.03175110967366768
E_BRDUW-1,RLS,0.038308107009635425,0.003855231941323488
E_BRDUW-1,sRLS,0.037228326257018836,0.03193330813284429
E_BRDUW-1,RMLE,0.03721730761268596,0.0322198314241291
E_BRDUW-1,sRMLE,0.03721657871380314,0.03223878534446724
E_BRDUW-1,Bayes,0.03710293510548769,0.03519391663869358
E_BRDUW-1,Ada Bayes,0.03686875811114689,0.04128333754517742
E_BRYBW-1,Persistent,0.03396744294062342,2.0428072598919847e-16
E_BRYBW-1,AR Logit Default,0.0321707923653312,0.05289331252967293
E_BRYBW-1,AR Flx Logit,0.03209124858241127,0.05523507793894962
E_BRYBW-1,RLS,0.035627905102457544,-0.0488839317324144
E_BRYBW-1,sRLS,0.03198013605439017,0.058506225791183454
E_BRYBW-1,RMLE,0.032094876415175166,0.05512827470473972
E_BRYBW-1,sRMLE,0.03209299364462476,0.05518370338548267
E_BRYBW-1,Bayes,0.03192464056627754,0.060140010477585604
E_BRYBW-1,Ada Bayes,0.031829705008352235,0.06293490905418023
E_BTUIW-2,Persistent,0.038286869588992585,1.8123429725114294e-16
E_BTUIW-2,AR Logit Default,0.03758429939134046,0.01835016038642444
E_BTUIW-2,AR Flx Logit,0.03762163554920319,0.017374991659821027
E_BTUIW-2,RLS,0.040080595137292375,-0.046849626714205866
E_BTUIW-2,sRLS,0.037504609600922965,0.020431547328552683
E_BTUIW-2,RMLE,0.03761444574382239,0.017562779417294637
E_BTUIW-2,sRMLE,0.03762070081562475,0.017399405606128897
E_BTUIW-2,Bayes,0.037639954659708874,0.016896521868418952
E_BTUIW-2,Ada Bayes,0.03739707976606726,0.023240077668328023
E_BURBO,Persistent,0.04088203035146722,0.0
E_BURBO,AR Logit Default,0.03931780955608751,0.03826181777010429
E_BURBO,AR Flx Logit,0.03887065281414222,0.04919955100157639
E_BURBO,RLS,0.039902568646043524,0.023958245150819606
E_BURBO,sRLS,0.039213365479367816,0.0408165851293029
E_BURBO,RMLE,0.03887093284990157,0.0491927011519739
E_BURBO,sRMLE,0.03887080012516621,0.04919594768190944
E_BURBO,Bayes,0.03869505310610966,0.05349482955117153
E_BURBO,Ada Bayes,0.03838143312032328,0.06116617031116215
E_CLDRW-1,Persistent,0.04421879430379376,0.0
E_CLDRW-1,AR Logit Default,0.043552813135886145,0.01506104312415584
E_CLDRW-1,AR Flx Logit,0.043539428567094515,0.015363732715818491
E_CLDRW-1,RLS,0.0451181245528932,-0.020338190203035025
E_CLDRW-1,sRLS,0.043248622948960716,0.021940248939573817
E_CLDRW-1,RMLE,0.043536753997846775,0.01542421761347005
E_CLDRW-1,sRMLE,0.04353705638015922,0.015417379292407545
E_CLDRW-1,Bayes,0.043197800313470765,0.023089593608286118
E_CLDRW-1,Ada Bayes,0.04283479255378847,0.031298948146276095
E_CLFLW-1,Persistent,0.03071996813559366,-2.2587568689133787e-16
E_CLFLW-1,AR Logit Default,0.03158049310223291,-0.028011909479886795
E_CLFLW-1,AR Flx Logit,0.031072102721297318,-0.011462726268119491
E_CLFLW-1,RLS,0.03132479492906347,-0.019688392605102724
E_CLFLW-1,sRLS,0.030570593034498734,0.004862475782383626
E_CLFLW-1,RMLE,0.030959655668933772,-0.007802336652244238
E_CLFLW-1,sRMLE,0.0310547846402635,-0.01089898606639214
E_CLFLW-1,Bayes,0.030781173439726726,-0.0019923622271650616
E_CLFLW-1,Ada Bayes,0.030776759640121422,-0.001848683705565627
E_DALSW-1,Persistent,0.03485801342696025,0.0
E_DALSW-1,AR Logit Default,0.03494445476308476,-0.002479812462796672
E_DALSW-1,AR Flx Logit,0.034174248138761965,0.019615727374453374
E_DALSW-1,RLS,0.034716753568766474,0.004052435704340024
E_DALSW-1,sRLS,0.03396254346661453,0.025689070383257663
E_DALSW-1,RMLE,0.03435630873574351,0.014392807905361253
E_DALSW-1,sRMLE,0.03421985260073204,0.01830743532087335
E_DALSW-1,Bayes,0.034094140660464255,0.0219138353393712
E_DALSW-1,Ada Bayes,0.034065252937974334,0.02274256077865793
E_GDSTW-1,Persistent,0.038151745990779466,0.0
E_GDSTW-1,AR Logit Default,0.03844327536488893,-0.007641311466581931
E_GDSTW-1,AR Flx Logit,0.038251248862341394,-0.002608081726743935
E_GDSTW-1,RLS,0.040560595154247744,-0.06313863496707202
E_GDSTW-1,sRLS,0.037933849010453595,0.005711323942514523
E_GDSTW-1,RMLE,0.03824344953819762,-0.0024036527041334877
E_GDSTW-1,sRMLE,0.03824753705819948,-0.002510791182221718
E_GDSTW-1,Bayes,0.03792880596941896,0.005843507697246378
E_GDSTW-1,Ada Bayes,0.037722747788765505,0.011244523438524714
E_GFLDW-1,Persistent,0.04175373941425908,0.0
E_GFLDW-1,AR Logit Default,0.040204236299765106,0.03711052318262099
E_GFLDW-1,AR Flx Logit,0.04016662884998651,0.038011219750309855
E_GFLDW-1,RLS,0.04133863973698392,0.009941616801234414
E_GFLDW-1,sRLS,0.04040160904880394,0.032383455576038465
E_GFLDW-1,RMLE,0.04016932854987594,0.03794656207108625
E_GFLDW-1,sRMLE,0.040168951375621424,0.037955595375882605
E_GFLDW-1,Bayes,0.04022078290565876,0.03671423278741861
E_GFLDW-1,Ada Bayes,0.040140079615135146,0.03864707261579702
E_GLOFW-1,Persistent,0.038114603478569306,0.0
E_GLOFW-1,AR Logit Default,0.037748078835888224,0.00961638346538664
E_GLOFW-1,AR Flx Logit,0.03732256592081852,0.02078042234379073
E_GLOFW-1,RLS,0.03859265073681496,-0.0125423647268021
E_GLOFW-1,sRLS,0.03690719128032246,0.03167846673062568
E_GLOFW-1,RMLE,0.03728660373707484,0.021723950032958503
E_GLOFW-1,sRMLE,0.03732293874751227,0.02077064061553646
E_GLOFW-1,Bayes,0.03707383895528932,0.027306187872718626
E_GLOFW-1,Ada Bayes,0.03691458417976167,0.03148450172077403
E_HBHDW-1,Persistent,0.032565434843236984,0.0
E_HBHDW-1,AR Logit Default,0.03112424555079064,0.04425518342942202
E_HBHDW-1,AR Flx Logit,0.03111119801045591,0.044655839536043615
E_HBHDW-1,RLS,0.03376922472743694,-0.03696526362981914
E_HBHDW-1,sRLS,0.031098362134755097,0.04504999597100609
E_HBHDW-1,RMLE,0.03111258752367252,0.044613171190808924
E_HBHDW-1,sRMLE,0.031112461182508305,0.04461705080011931
E_HBHDW-1,Bayes,0.03101234011956085,0.04769150883912342
E_HBHDW-1,Ada Bayes,0.03096283499235246,0.049211682834855344
E_HLGLW-1,Persistent,0.03591638507590471,-1.931957765026397e-16
E_HLGLW-1,AR Logit Default,0.032642603602117945,0.09115008280672
E_HLGLW-1,AR Flx Logit,0.03257912505488686,0.09291748080896695
E_HLGLW-1,RLS,0.0351086704328211,0.022488751063799974
E_HLGLW-1,sRLS,0.03268528904367652,0.08996161571939024
E_HLGLW-1,RMLE,0.03257952792747089,0.09290626385093573
E_HLGLW-1,sRMLE,0.032579638986731434,0.09290317168950829
E_HLGLW-1,Bayes,0.03253008991863168,0.09428273892588342
E_HLGLW-1,Ada Bayes,0.032447183539461986,0.096591055283292
E_HLTWW-1,Persistent,0.04156624614395678,0.0
E_HLTWW-1,AR Logit Default,0.04062904501955895,0.022547167746445357
E_HLTWW-1,AR Flx Logit,0.04060809860358165,0.023051096244216147
E_HLTWW-1,RLS,0.04074953486173658,0.019648425296613804
E_HLTWW-1,sRLS,0.040589029640617245,0.02350985701126653
E_HLTWW-1,RMLE,0.04060794819053659,0.02305471487854122
E_HLTWW-1,sRMLE,0.04060784461616207,0.02305720666897528
E_HLTWW-1,Bayes,0.040500670167487346,0.02563560762208386
E_HLTWW-1,Ada Bayes,0.040184845442975674,0.033233713147848044
E_HYWDW-1,Persistent,0.04203194122299066,0.0
E_HYWDW-1,AR Logit Default,0.03897296004478705,0.07277753749166369
E_HYWDW-1,AR Flx Logit,0.039024138899354854,0.07155991934035616
E_HYWDW-1,RLS,0.03989809149658984,0.05076733703733008
E_HYWDW-1,sRLS,0.03901982341855344,0.07166259080105608
E_HYWDW-1,RMLE,0.03902509812759211,0.07153709792860721
E_HYWDW-1,sRMLE,0.03902619628276507,0.07151097124635075
E_HYWDW-1,Bayes,0.03893999448301633,0.0735618353568475
E_HYWDW-1,Ada Bayes,0.038655553458840246,0.08032909415812545
E_MINSW-1,Persistent,0.035321792918350095,0.0
E_MINSW-1,AR Logit Default,0.0339641273617784,0.03843705102144939
E_MINSW-1,AR Flx Logit,0.03378330459949145,0.0435563484111641
E_MINSW-1,RLS,0.03590008574370305,-0.016372125466273365
E_MINSW-1,sRLS,0.0337057305429989,0.04575255789214574
E_MINSW-1,RMLE,0.03377374455412211,0.043827004133296835
E_MINSW-1,sRMLE,0.033782171370545296,0.0435884314073125
E_MINSW-1,Bayes,0.03371449233539989,0.045504501616484935
E_MINSW-1,Ada Bayes,0.0337138887669356,0.04552158932394303
E_TLYMW-1,Persistent,0.048911906549273375,-1.418651284205627e-16
E_TLYMW-1,AR Logit Default,0.049375152789018474,-0.009471032156115946
E_TLYMW-1,AR Flx Logit,0.04938584223400862,-0.009689577000189336
E_TLYMW-1,RLS,0.051845056777352884,-0.05996802077475123
E_TLYMW-1,sRLS,0.04942030162600223,-0.010394096501159876
E_TLYMW-1,RMLE,0.04938490578213085,-0.00967043131677949
E_TLYMW-1,sRMLE,0.04938482607930844,-0.009668801798978315
E_TLYMW-1,Bayes,0.04924619991443574,-0.00683460099486427
E_TLYMW-1,Ada Bayes,0.0489361274621512,-0.0004951946179696415
E_TULWW-1,Persistent,0.04187426801959364,1.657078256427171e-16
E_TULWW-1,AR Logit Default,0.04086143655526845,0.024187442843210415
E_TULWW-1,AR Flx Logit,0.04082677617384124,0.025015167913198265
E_TULWW-1,RLS,0.041836823312417525,0.0008942175934538085
E_TULWW-1,sRLS,0.040742852048777346,0.02701936115723602
E_TULWW-1,RMLE,0.040822850682011025,0.025108912640351
E_TULWW-1,sRMLE,0.04082652886972461,0.025021073786383054
E_TULWW-1,Bayes,0.04071273029220109,0.027738699261538158
E_TULWW-1,Ada Bayes,0.04057625811096935,0.030997793394667503
E_TULWW-2,Persistent,0.03974071579930403,0.0
E_TULWW-2,AR Logit Default,0.039046156528172664,0.017477271286178705
E_TULWW-2,AR Flx Logit,0.03907548074458089,0.016739382805349118
E_TULWW-2,RLS,0.040338059242117925,-0.015031018712158124
E_TULWW-2,sRLS,0.03887438283749612,0.021799631546220926
E_TULWW-2,RMLE,0.03907618239745788,0.016721727036879047
E_TULWW-2,sRMLE,0.03907532596678901,0.01674327749593958
E_TULWW-2,Bayes,0.03892846341425115,0.02043879604873908
E_TULWW-2,Ada Bayes,0.03888140519095785,0.021622927294158854
T_ABRBO-1,Persistent,0.049604344117600764,0.0
T_ABRBO-1,AR Logit Default,0.04935205533881648,0.005086021865064143
T_ABRBO-1,AR Flx Logit,0.04863305038999572,0.019580819883482873
T_ABRBO-1,RLS,0.05031488522111743,-0.014324170920033316
T_ABRBO-1,sRLS,0.04869971178196217,0.01823695790622522
T_ABRBO-1,RMLE,0.048633701965410586,0.019567684432819095
T_ABRBO-1,sRMLE,0.048633325047335106,0.01957528292206807
T_ABRBO-1,Bayes,0.04849999069693967,0.02226324005097049
T_ABRBO-1,Ada Bayes,0.0476468472609653,0.03946220621312281
T_ACHRW-1,Persistent,0.0428997710616155,0.0
T_ACHRW-1,AR Logit Default,0.04198166757350506,0.0214011279172515
T_ACHRW-1,AR Flx Logit,0.04196618524688571,0.021762023237581227
T_ACHRW-1,RLS,0.043354059231600454,-0.010589524343439384
T_ACHRW-1,sRLS,0.04176236649844642,0.026513068368953913
T_ACHRW-1,RMLE,0.04196251941008006,0.021847474434987094
T_ACHRW-1,sRMLE,0.041962892262504714,0.021838783189895794
T_ACHRW-1,Bayes,0.04187289484053224,0.023936636389233663
T_ACHRW-1,Ada Bayes,0.041687464043546126,0.028259055656222016
T_AKGLW-2,Persistent,0.03630851341186125,0.0
T_AKGLW-2,AR Logit Default,0.03471299183751329,0.04394345635276627
T_AKGLW-2,AR Flx Logit,0.034714088483879045,0.04391325279270002
T_AKGLW-2,RLS,0.03523978623456351,0.02943461675708833
T_AKGLW-2,sRLS,0.0343161446900374,0.054873321284836164
T_AKGLW-2,RMLE,0.03471401309221201,0.043915329211147096
T_AKGLW-2,sRMLE,0.03471383644903722,0.043920194273309926
T_AKGLW-2,Bayes,0.0345335007271358,0.04888695564565827
T_AKGLW-2,Ada Bayes,0.03413074145361509,0.059979650875343314
T_ANSUW-1,Persistent,0.03157147562254158,0.0
T_ANSUW-1,AR Logit Default,0.029757426608582195,0.057458480422251226
T_ANSUW-1,AR Flx Logit,0.029727219645015936,0.058415260647775184
T_ANSUW-1,RLS,0.03063664295158293,0.029610040472457234
T_ANSUW-1,sRLS,0.029538574219376276,0.0643904462201901
T_ANSUW-1,RMLE,0.029726715485505588,0.05843122947724566
T_ANSUW-1,sRMLE,0.029726295815393416,0.058444522175920555
T_ANSUW-1,Bayes,0.02955242468358872,0.06395174438762335
T_ANSUW-1,Ada Bayes,0.029417647593185155,0.06822069564016908
T_ARCHW-1,Persistent,0.026390016054752562,0.0
T_ARCHW-1,AR Logit Default,0.027535433490199462,-0.04340343837117987
T_ARCHW-1,AR Flx Logit,0.026667278962437035,-0.0105063561579206
T_ARCHW-1,RLS,0.026543994020127037,-0.005834705255768293
T_ARCHW-1,sRLS,0.025858919827241984,0.020124892171671616
T_ARCHW-1,RMLE,0.026614235105678234,-0.008496359019277354
T_ARCHW-1,sRMLE,0.026675831268858575,-0.010830429716792088
T_ARCHW-1,Bayes,0.026338126244315613,0.001966266724858805
T_ARCHW-1,Ada Bayes,0.026268539310210524,0.004603132650241844
T_BEATO-1,Persistent,0.03826585865231732,3.626676179909538e-16
T_BEATO-1,AR Logit Default,0.036297744292557686,0.05143264594274194
T_BEATO-1,AR Flx Logit,0.03629786815805058,0.05142940897126782
T_BEATO-1,RLS,0.03759765531519222,0.01746212840005476
T_BEATO-1,sRLS,0.03575809347158321,0.06553531709609911
T_BEATO-1,RMLE,0.036299788749904555,0.0513792182288771
T_BEATO-1,sRMLE,0.03629963573697254,0.05138321690909496
T_BEATO-1,Bayes,0.036161971460270656,0.05498079139325068
T_BEATO-1,Ada Bayes,0.035932133418024266,0.060987138835619424
T_BEATO-2,Persistent,0.04058395450081079,0.0
T_BEATO-2,AR Logit Default,0.03901424634143291,0.0386780484722482
T_BEATO-2,AR Flx Logit,0.03882860539944582,0.04325229325126263
T_BEATO-2,RLS,0.04024965407604106,0.008237256050616022
T_BEATO-2,sRLS,0.03902661914665741,0.03837317908786508
T_BEATO-2,RMLE,0.03883039354213251,0.04320823291488867
T_BEATO-2,sRMLE,0.0388301272064352,0.04321479550102856
T_BEATO-2,Bayes,0.038742887427225044,0.045364408082730394
T_BEATO-2,Ada Bayes,0.03810402626530484,0.061106125955675494
T_BEATO-3,Persistent,0.03835783920579856,-3.617979556501335e-16
T_BEATO-3,AR Logit Default,0.03612027105029283,0.05833405118314039
T_BEATO-3,AR Flx Logit,0.03599335536664231,0.06164277988836241
T_BEATO-3,RLS,0.03699968046115606,0.035407592626781205
T_BEATO-3,sRLS,0.036328546292664396,0.05290425517054114
T_BEATO-3,RMLE,0.03599571335570449,0.06158130642919466
T_BEATO-3,sRMLE,0.03599542961978926,0.06158870350684841
T_BEATO-3,Bayes,0.03582142671108697,0.06612500983444734
T_BEATO-3,Ada Bayes,0.035166025287481195,0.08321151515320102
T_BEATO-4,Persistent,0.03870062294417253,1.7929669798640989e-16
T_BEATO-4,AR Logit Default,0.03766383326284947,0.026789999810046507
T_BEATO-4,AR Flx Logit,0.03723990916836142,0.03774393445599745
T_BEATO-4,RLS,0.03885850709933048,-0.004079628262979159
T_BEATO-4,sRLS,0.03727114025864294,0.03693694252910838
T_BEATO-4,RMLE,0.03724281539948497,0.03766883925332468
T_BEATO-4,sRMLE,0.03724251109780545,0.03767670221925059
T_BEATO-4,Bayes,0.0371061081256311,0.04120127008915585
T_BEATO-4,Ada Bayes,0.03630752051745135,0.06183627664529715
T_BEINW-1,Persistent,0.04122737073415816,0.0
T_BEINW-1,AR Logit Default,0.04017148681460704,0.025611235951951788
T_BEINW-1,AR Flx Logit,0.04019504868864366,0.025039725481673422
T_BEINW-1,RLS,0.04173920650658088,-0.012414950633721914
T_BEINW-1,sRLS,0.04039629484313086,0.020158352963768365
T_BEINW-1,RMLE,0.04018979520095718,0.025167152663977958
T_BEINW-1,sRMLE,0.040194120677612445,0.025062235067288254
T_BEINW-1,Bayes,0.040199880729099635,0.02492252080987582
T_BEINW-1,Ada Bayes,0.04006016443058279,0.028311441714334296
T_BHLAW-1,Persistent,0.041427514600272365,-1.6749481524198437e-16
T_BHLAW-1,AR Logit Default,0.04028732920759698,0.027522418462146515
T_BHLAW-1,AR Flx Logit,0.040297016356765865,0.027288584758571568
T_BHLAW-1,RLS,0.041639168179840584,-0.005109009835864844
T_BHLAW-1,sRLS,0.04030401023286842,0.02711976275295433
T_BHLAW-1,RMLE,0.04029878683969475,0.02724584787353355
T_BHLAW-1,sRMLE,0.04029755651698714,0.02727554607579067
T_BHLAW-1,Bayes,0.040158084957115016,0.03064218685107884
T_BHLAW-1,Ada Bayes,0.040009406746201535,0.03423106280340312
T_BLKWW-1,Persistent,0.04124730192255877,1.6822661314756787e-16
T_BLKWW-1,AR Logit Default,0.039891304319397615,0.03287481944169417
T_BLKWW-1,AR Flx Logit,0.039880989904452976,0.03312488222068523
T_BLKWW-1,RLS,0.041471825838948644,-0.005443360072651649
T_BLKWW-1,sRLS,0.0397801429286878,0.03556981730891276
T_BLKWW-1,RMLE,0.03988150915267762,0.033112293561537984
T_BLKWW-1,sRMLE,0.03988128575885876,0.03311770952351483
T_BLKWW-1,Bayes,0.039795663632906174,0.035193533200742096
T_BLKWW-1,Ada Bayes,0.0395713016661535,0.0406329669647714
T_BLLA-1,Persistent,0.031444555011096616,0.0
T_BLLA-1,AR Logit Default,0.030175788434287962,0.04034932522851454
T_BLLA-1,AR Flx Logit,0.030174397516056987,0.040393559221664814
T_BLLA-1,RLS,0.03146676310354591,-0.0007062619407861516
T_BLLA-1,sRLS,0.030164282570935397,0.04071523479055174
T_BLLA-1,RMLE,0.030173044304084035,0.04043659408008385
T_BLLA-1,sRMLE,0.030174359305590245,0.04039477439124596
T_BLLA-1,Bayes,0.030161167309831056,0.04081430635010288
T_BLLA-1,Ada Bayes,0.03017570703422584,0.04035191391396716
T_BLLA-2,Persistent,0.03103336138741663,2.2359466051011804e-16
T_BLLA-2,AR Logit Default,0.03012066455284566,0.029410182905325072
T_BLLA-2,AR Flx Logit,0.029921618421466532,0.03582412333846927
T_BLLA-2,RLS,0.030038751449425517,0.03204970050052046
T_BLLA-2,sRLS,0.02996173767417969,0.03453134515010889
T_BLLA-2,RMLE,0.029772572294016593,0.04062689431739309
T_BLLA-2,sRMLE,0.029921394035158387,0.03583135382521365
T_BLLA-2,Bayes,0.029736347267016575,0.04179418736527755
T_BLLA-2,Ada Bayes,0.029613704210918166,0.04574616196987641
T_BOWLW-1,Persistent,0.03699596441225564,0.0
T_BOWLW-1,AR Logit Default,0.03560302619251259,0.03765108551357586
T_BOWLW-1,AR Flx Logit,0.03557222344469709,0.03848368302265165
T_BOWLW-1,RLS,0.03658927605937755,0.010992776086230817
T_BOWLW-1,sRLS,0.03539565782541068,0.04325624733044733
T_BOWLW-1,RMLE,0.035567927146802396,0.03859981184813167
T_BOWLW-1,sRMLE,0.03557187813104074,0.03849301684221374
T_BOWLW-1,Bayes,0.035691545092632164,0.035258421839960474
T_BOWLW-1,Ada Bayes,0.035674270301071384,0.03572535902717047
T_BRBEO-1,Persistent,0.03576627147036138,0.0
T_BRBEO-1,AR Logit Default,0.0335251605990715,0.0626598965773391
T_BRBEO-1,AR Flx Logit,0.03356340714809789,0.061590549747097476
T_BRBEO-1,RLS,0.03423270851058576,0.042877350552082034
T_BRBEO-1,sRLS,0.03346319250476858,0.06439248126552148
T_BRBEO-1,RMLE,0.03356353295283348,0.061587032334450995
T_BRBEO-1,sRMLE,0.03356340265514884,0.06159067536681879
T_BRBEO-1,Bayes,0.03345377182626107,0.06465587686478927
T_BRBEO-1,Ada Bayes,0.033048905759233346,0.07597564966702902
T_CGTHW-1,Persistent,0.032417040694595146,0.0
T_CGTHW-1,AR Logit Default,0.032385273199874845,0.0009799628232443189
T_CGTHW-1,AR Flx Logit,0.032435706959614,-0.0005758164415657721
T_CGTHW-1,RLS,0.03430854931590436,-0.05834920710774755
T_CGTHW-1,sRLS,0.03271974959651135,-0.00933795606971214
T_CGTHW-1,RMLE,0.03243968409263406,-0.0006985029340659537
T_CGTHW-1,sRMLE,0.03243845626373487,-0.0006606269011870614
T_CGTHW-1,Bayes,0.03218297549944804,0.007220436848392851
T_CGTHW-1,Ada Bayes,0.031863014765535824,0.017090576967801203
T_CLDCW-1,Persistent,0.03100792335857128,0.0
T_CLDCW-1,AR Logit Default,0.029720351505348044,0.04152396270894816
T_CLDCW-1,AR Flx Logit,0.02970425186111791,0.04204317336501045
T_CLDCW-1,RLS,0.03128626405097422,-0.00897643770542923
T_CLDCW-1,sRLS,0.02946435037928307,0.04977995338283535
T_CLDCW-1,RMLE,0.029704900158611644,0.042022265886420655
T_CLDCW-1,sRMLE,0.029703873476228736,0.04205537621022518
T_CLDCW-1,Bayes,0.02956035663967462,0.046683768601889365
T_CLDCW-1,Ada Bayes,0.029470594107095644,0.04957859427405621
T_CLDNW-1,Persistent,0.029875338415709544,0.0
T_CLDNW-1,AR Logit Default,0.028681576875848883,0.03995809263311768
T_CLDNW-1,AR Flx Logit,0.028683001507791663,0.039910406748427246
T_CLDNW-1,RLS,0.02989609180921839,-0.0006946663907222052
T_CLDNW-1,sRLS,0.02843469784532053,0.048221732264343904
T_CLDNW-1,RMLE,0.028681861261605723,0.03994857355243373
T_CLDNW-1,sRMLE,0.02868361007691639,0.03989003646454088
T_CLDNW-1,Bayes,0.028562965478231978,0.04392830364684583
T_CLDNW-1,Ada Bayes,0.028491945649237738,0.04630550948819941
T_CLDSW-1,Persistent,0.03617012227579459,0.0
T_CLDSW-1,AR Logit Default,0.03541946225943926,0.020753593549714823
T_CLDSW-1,AR Flx Logit,0.03543076877897918,0.020441000756864714
T_CLDSW-1,RLS,0.03759211195672935,-0.03931393071033037
T_CLDSW-1,sRLS,0.035337686860855415,0.023014448460857068
T_CLDSW-1,RMLE,0.035430113258095954,0.020459124026623917
T_CLDSW-1,sRMLE,0.0354313946795656,0.020423696403242417
T_CLDSW-1,Bayes,0.035388393148942224,0.021612565224185178
T_CLDSW-1,Ada Bayes,0.03524436471382055,0.0255945378043016
T_COUWW-1,Persistent,0.046651707794246176,0.0
T_COUWW-1,AR Logit Default,0.04590662140791452,0.01597125639253766
T_COUWW-1,AR Flx Logit,0.04579838278217544,0.018291399230961933
T_COUWW-1,RLS,0.04760516562590561,-0.020437790527724882
T_COUWW-1,sRLS,0.04552656950279714,0.02411783715210113
T_COUWW-1,RMLE,0.04579296177129001,0.018407600998094208
T_COUWW-1,sRMLE,0.045792727056573015,0.018412632211914522
T_COUWW-1,Bayes,0.045772990455436535,0.018835694990741978
T_COUWW-1,Ada Bayes,0.045297358078692805,0.02903108545407658
T_CRGHW-1,Persistent,0.03987466387443615,0.0
T_CRGHW-1,AR Logit Default,0.039413868565815226,0.011556092612390535
T_CRGHW-1,AR Flx Logit,0.0394085155114088,0.011690339622554181
T_CRGHW-1,RLS,0.04161188375016695,-0.04356700989884805
T_CRGHW-1,sRLS,0.039541837884601604,0.00834680364661145
T_CRGHW-1,RMLE,0.039407987796642924,0.011703573960216321
T_CRGHW-1,sRMLE,0.039409081349345496,0.011676149209853149
T_CRGHW-1,Bayes,0.03925217610369257,0.01561111017020171
T_CRGHW-1,Ada Bayes,0.03913143018396623,0.018639246535352264
T_CRMLW-1,Persistent,0.04853061866310715,0.0
T_CRMLW-1,AR Logit Default,0.04875479541181967,-0.00461928479149887
T_CRMLW-1,AR Flx Logit,0.0487035902153831,-0.003564173650385394
T_CRMLW-1,RLS,0.05094276924989737,-0.049703685080444544
T_CRMLW-1,sRLS,0.04871172666411284,-0.003731829636521112
T_CRMLW-1,RMLE,0.048704408390174724,-0.0035810325904558865
T_CRMLW-1,sRMLE,0.048705103818447656,-0.0035953622712242388
T_CRMLW-1,Bayes,0.04861910375343088,-0.0018232837899301922
T_CRMLW-1,Ada Bayes,0.04846730529239537,0.0013046067092467074
T_CRYRW-2,Persistent,0.03699917843736541,-1.875418373317082e-16
T_CRYRW-2,AR Logit Default,0.03544420028252552,0.04202736980963645
T_CRYRW-2,AR Flx Logit,0.03544546114532182,0.041993291680079134
T_CRYRW-2,RLS,0.036279995553152436,0.01943780685375068
T_CRYRW-2,sRLS,0.03551066174783427,0.04023107410482062
T_CRYRW-2,RMLE,0.035446222215474665,0.04197272175974612
T_CRYRW-2,sRMLE,0.03544625293048135,0.04197189160599728
T_CRYRW-2,Bayes,0.03536902336029708,0.044059223634599076
T_CRYRW-2,Ada Bayes,0.035267727867286346,0.04679700045259565
T_DDGNO-1,Persistent,0.031816635610617275,-2.1809012080434133e-16
T_DDGNO-1,AR Logit Default,0.030325820001794325,0.04685648184390229
T_DDGNO-1,AR Flx Logit,0.02997790895046041,0.05779136055300807
T_DDGNO-1,RLS,0.03155738211791812,0.008148362883869248
T_DDGNO-1,sRLS,0.029825914219680894,0.06256856995502275
T_DDGNO-1,RMLE,0.029978066542373068,0.05778640742362673
T_DDGNO-1,sRMLE,0.02997776631124066,0.057795843717774256
T_DDGNO-1,Bayes,0.029970432859568075,0.058026334828221504
T_DDGNO-1,Ada Bayes,0.029556478754131695,0.07103695325131594
T_DDGNO-2,Persistent,0.0340795091827235,0.0
T_DDGNO-2,AR Logit Default,0.03344711857890446,0.018556329565322157
T_DDGNO-2,AR Flx Logit,0.03294159118403029,0.0333900935190132
T_DDGNO-2,RLS,0.03480278778218768,-0.021223269255029188
T_DDGNO-2,sRLS,0.033302581770539526,0.022797494178050902
T_DDGNO-2,RMLE,0.03294145813508134,0.033393997593694415
T_DDGNO-2,sRMLE,0.0329411190504461,0.03340394740351788
T_DDGNO-2,Bayes,0.03289993351358101,0.03461246060845468
T_DDGNO-2,Ada Bayes,0.032183099849169075,0.055646615195849146
T_DDGNO-3,Persistent,0.032057773330886316,0.0
T_DDGNO-3,AR Logit Default,0.030849326776935592,0.03769589801130812
T_DDGNO-3,AR Flx Logit,0.03051496321926157,0.04812592863829109
T_DDGNO-3,RLS,0.03217154452452027,-0.0035489424814274593
T_DDGNO-3,sRLS,0.030512664275273514,0.04819764116692891
T_DDGNO-3,RMLE,0.030514454388271214,0.048141800950603754
T_DDGNO-3,sRMLE,0.030514168278052235,0.04815072578190832
T_DDGNO-3,Bayes,0.030446552087496012,0.050259923755776266
T_DDGNO-3,Ada Bayes,0.029821882232393584,0.06974567682586191
T_DDGNO-4,Persistent,0.03152352417478265,0.0
T_DDGNO-4,AR Logit Default,0.03004306691573404,0.046963570787333056
T_DDGNO-4,AR Flx Logit,0.02981045643686279,0.05434251984079349
T_DDGNO-4,RLS,0.03100003711188859,0.016606235393973694
T_DDGNO-4,sRLS,0.02948625582264143,0.06462692244831371
T_DDGNO-4,RMLE,0.029810264246790476,0.05434861655990552
T_DDGNO-4,sRMLE,0.029809973003554056,0.054357855477318605
T_DDGNO-4,Bayes,0.029728752217525627,0.05693436899078556
T_DDGNO-4,Ada Bayes,0.029160168860558663,0.07497116442693175
T_DRSLW-1,Persistent,0.04026408994699844,0.0
T_DRSLW-1,AR Logit Default,0.03925029199024071,0.025178712795750343
T_DRSLW-1,AR Flx Logit,0.0392516684501291,0.0251445270016544
T_DRSLW-1,RLS,0.03976403549135302,0.012419365650724249
T_DRSLW-1,sRLS,0.039014176666489875,0.031042879204618484
T_DRSLW-1,RMLE,0.03925352002684185,0.025098541193576074
T_DRSLW-1,sRMLE,0.03925298747902946,0.02511176756509201
T_DRSLW-1,Bayes,0.03903387667408703,0.03055360929629351
T_DRSLW-1,Ada Bayes,0.03868216061458779,0.03928883862749711
T_DUNGW-1,Persistent,0.03661601697892953,0.0
T_DUNGW-1,AR Logit Default,0.03665679616520524,-0.0011136980381884248
T_DUNGW-1,AR Flx Logit,0.03653057287306091,0.002333517212365964
T_DUNGW-1,RLS,0.036975470921417765,-0.009816849896456013
T_DUNGW-1,sRLS,0.03591024734937766,0.01927488808949378
T_DUNGW-1,RMLE,0.03652995941541064,0.002350271018511191
T_DUNGW-1,sRMLE,0.036532496334021815,0.002280986622760625
T_DUNGW-1,Bayes,0.036187689484804816,0.011697817771146191
T_DUNGW-1,Ada Bayes,0.03596173780735846,0.017868660371977967
T_EAAO-1,Persistent,0.030186722327787678,1.1493288056517138e-16
T_EAAO-1,AR Logit Default,0.0280997188068372,0.06913647325762622
T_EAAO-1,AR Flx Logit,0.027887734681870766,0.07615890261131918
T_EAAO-1,RLS,0.03031260146882455,-0.004170016859398924
T_EAAO-1,sRLS,0.028181222655939236,0.06643648323495956
T_EAAO-1,RMLE,0.02788881981659588,0.07612295519333416
T_EAAO-1,sRMLE,0.027888386896079313,0.0761372966150979
T_EAAO-1,Bayes,0.028170119423527505,0.06680430165165165
T_EAAO-1,Ada Bayes,0.02784372949065906,0.07761666906684449
T_EAAO-2,Persistent,0.02941024923740085,1.1796727473977125e-16
T_EAAO-2,AR Logit Default,0.02651995741351085,0.09827498572213501
T_EAAO-2,AR Flx Logit,0.02654847730814514,0.09730525933851705
T_EAAO-2,RLS,0.02871801056379234,0.023537327685349718
T_EAAO-2,sRLS,0.026625412800407887,0.09468931781276793
T_EAAO-2,RMLE,0.026550207918387823,0.09724641555828537
T_EAAO-2,sRMLE,0.0265483822921125,0.09730849005009219
T_EAAO-2,Bayes,0.026693485038703158,0.09237474245008437
T_EAAO-2,Ada Bayes,0.026673979885203744,0.09303795184154404
T_EDINW-1,Persistent,0.031029810966091562,0.0
T_EDINW-1,AR Logit Default,0.030351404117210184,0.021863067410327452
T_EDINW-1,AR Flx Logit,0.030244554300942122,0.025306524297152348
T_EDINW-1,RLS,0.03175967337025195,-0.023521329374450863
T_EDINW-1,sRLS,0.030056412330176273,0.03136978942536872
T_EDINW-1,RMLE,0.030236034318145845,0.025581098409304927
T_EDINW-1,sRMLE,0.030243309626632065,0.02534663650767844
T_EDINW-1,Bayes,0.03019796625435076,0.02680792070083244
T_EDINW-1,Ada Bayes,0.030054966414097214,0.03141638706918418
T_EWHLW-1,Persistent,0.038617849470697685,0.0
T_EWHLW-1,AR Logit Default,0.03873513364586492,-0.003037045738557492
T_EWHLW-1,AR Flx Logit,0.038639592875372525,-0.0005630402773033312
T_EWHLW-1,RLS,0.040704715504706765,-0.054038898141973046
T_EWHLW-1,sRLS,0.03837989221997224,0.006161846244338403
T_EWHLW-1,RMLE,0.03864270435778376,-0.0006436113721178409
T_EWHLW-1,sRMLE,0.03864046168005197,-0.000585537767229627
T_EWHLW-1,Bayes,0.038540372194879054,0.0020062555756093867
T_EWHLW-1,Ada Bayes,0.03842621658237048,0.00496228793041969
T_FALGW-1,Persistent,0.03425218688548351,-2.0258250742080403e-16
T_FALGW-1,AR Logit Default,0.03287991436265604,0.04006379293139524
T_FALGW-1,AR Flx Logit,0.03281358444499128,0.042000309215348836
T_FALGW-1,RLS,0.03515421522811187,-0.026334912443522256
T_FALGW-1,sRLS,0.032724050020553085,0.04461428609038862
T_FALGW-1,RMLE,0.03278673076363024,0.04278430824731774
T_FALGW-1,sRMLE,0.03280856847963602,0.042146751408135764
T_FALGW-1,Bayes,0.032704661075310656,0.0451803505378136
T_FALGW-1,Ada Bayes,0.03266914072634872,0.046217374803758905
T_FARR-1,Persistent,0.023132141042414386,1.4998382318316932e-16
T_FARR-1,AR Logit Default,0.024333478333454592,-0.05193368347691928
T_FARR-1,AR Flx Logit,0.023922757975635856,-0.03417828603810668
T_FARR-1,RLS,0.024848524988636638,-0.07419909566845277
T_FARR-1,sRLS,0.023391975698128443,-0.011232624564999325
T_FARR-1,RMLE,0.023769675670721524,-0.027560554258171346
T_FARR-1,sRMLE,0.023935237408570304,-0.03471777059820711
T_FARR-1,Bayes,0.023563481127758888,-0.018646786069374453
T_FARR-1,Ada Bayes,0.023556225758670554,-0.01833313723440363
T_FARR-2,Persistent,0.0258473547685683,4.026849536076284e-16
T_FARR-2,AR Logit Default,0.026617004279063338,-0.029776722507440553
T_FARR-2,AR Flx Logit,0.026543796083830316,-0.026944394174869855
T_FARR-2,RLS,0.027624505021153198,-0.06875559485669278
T_FARR-2,sRLS,0.02620431166714265,-0.013810190705024082
T_FARR-2,RMLE,0.02653639826020517,-0.026658182154669526
T_FARR-2,sRMLE,0.026545292192281578,-0.02700227663381615
T_FARR-2,Bayes,0.026144782353200103,-0.011507080213619413
T_FARR-2,Ada Bayes,0.026056413240356117,-0.008088196013080378
T_FSDLW-1,Persistent,0.04689411186748588,0.0
T_FSDLW-1,AR Logit Default,0.047215786556722164,-0.006859596576757451
T_FSDLW-1,AR Flx Logit,0.04717613988493399,-0.006014145619072075
T_FSDLW-1,RLS,0.049084973357121774,-0.04671933004780787
T_FSDLW-1,sRLS,0.04667795894089361,0.004609383097030898
T_FSDLW-1,RMLE,0.04717669559343795,-0.006025995902227592
T_FSDLW-1,sRMLE,0.04717633076876527,-0.006018216147837297
T_FSDLW-1,Bayes,0.047035783292037926,-0.00302109196464551
T_FSDLW-1,Ada Bayes,0.04646843657992571,0.009077371776717948
T_GANW-11,Persistent,0.029392401041023218,0.0
T_GANW-11,AR Logit Default,0.029449381545809433,-0.001938613477227882
T_GANW-11,AR Flx Logit,0.02926558906962409,0.004314447507100093
T_GANW-11,RLS,0.03073571085902403,-0.04570262280124518
T_GANW-11,sRLS,0.02882052227481597,0.019456687645526896
T_GANW-11,RMLE,0.029267739366743345,0.004241289240231916
T_GANW-11,sRMLE,0.02926647170006499,0.004284418301943643
T_GANW-11,Bayes,0.028607683292379886,0.026697980459238258
T_GANW-11,Ada Bayes,0.02789211907196739,0.05104319197883398
T_GANW-13,Persistent,0.02874163337142802,0.0
T_GANW-13,AR Logit Default,0.028628349052924634,0.003941471141859346
T_GANW-13,AR Flx Logit,0.02854872689192419,0.006711743797260891
T_GANW-13,RLS,0.02982238083208854,-0.03760215874630452
T_GANW-13,sRLS,0.02806836647137999,0.023424796056208855
T_GANW-13,RMLE,0.02855091183488656,0.006635723658317005
T_GANW-13,sRMLE,0.028549728182954783,0.006676906144937768
T_GANW-13,Bayes,0.027898781608171226,0.029325117065012382
T_GANW-13,Ada Bayes,0.027276462546873773,0.050977298527882846
T_GANW-22,Persistent,0.028617636759172536,-1.2123457227269426e-16
T_GANW-22,AR Logit Default,0.028613176652869384,0.00015585166380723434
T_GANW-22,AR Flx Logit,0.02833191990757768,0.009983942909027035
T_GANW-22,RLS,0.030128208613220537,-0.05278464699094469
T_GANW-22,sRLS,0.027941167669925007,0.02363818839900199
T_GANW-22,RMLE,0.02833388360391785,0.009915324512731931
T_GANW-22,sRMLE,0.028332769830813866,0.009954243628008883
T_GANW-22,Bayes,0.02793089482076223,0.023997157563689715
T_GANW-22,Ada Bayes,0.027300004253449278,0.04604267350276316
T_GANW-24,Persistent,0.033571367442006894,-2.066908330705883e-16
T_GANW-24,AR Logit Default,0.032716232083645984,0.025472163439219847
T_GANW-24,AR Flx Logit,0.03250667253352609,0.031714374170787374
T_GANW-24,RLS,0.034689913361215206,-0.03331844975157952
T_GANW-24,sRLS,0.032286112545824745,0.038284258107816584
T_GANW-24,RMLE,0.03250879606029245,0.0316511200668243
T_GANW-24,sRMLE,0.03250775847439025,0.031682026937210096
T_GANW-24,Bayes,0.03219815767627198,0.04090419516294854
T_GANW-24,Ada Bayes,0.03155304408823057,0.0601203795842658
T_GLWSW-1,Persistent,0.03954934502189988,0.0
T_GLWSW-1,AR Logit Default,0.03854576380782703,0.025375419327858088
T_GLWSW-1,AR Flx Logit,0.038362627921258975,0.030005986192281436
T_GLWSW-1,RLS,0.039147026906304554,0.010172560768643472
T_GLWSW-1,sRLS,0.03840481486502077,0.028939294854196388
T_GLWSW-1,RMLE,0.03836256944289853,0.030007464809952936
T_GLWSW-1,sRMLE,0.03836175145484368,0.0300281475305996
T_GLWSW-1,Bayes,0.03814026799438027,0.0356283277697608
T_GLWSW-1,Ada Bayes,0.03775870254256822,0.04527616015739622
T_GNAPW-1,Persistent,0.03778840347601895,0.0
T_GNAPW-1,AR Logit Default,0.037426638066049706,0.009573450495171817
T_GNAPW-1,AR Flx Logit,0.037031584544924404,0.020027809102198136
T_GNAPW-1,RLS,0.03820071810026757,-0.010911141681608106
T_GNAPW-1,sRLS,0.03650453084135949,0.03397530767538845
T_GNAPW-1,RMLE,0.036834154135001226,0.025252438664769342
T_GNAPW-1,sRMLE,0.03703558021524791,0.019922071099108367
T_GNAPW-1,Bayes,0.036809600304401884,0.02590221024389745
T_GNAPW-1,Ada Bayes,0.03658196308101679,0.03192620709069604
T_GNFSW-1,Persistent,0.036099054405775134,0.0
T_GNFSW-1,AR Logit Default,0.035109842418778334,0.027402711879304688
T_GNFSW-1,AR Flx Logit,0.03496339283526226,0.03145959331087611
T_GNFSW-1,RLS,0.03627860701819979,-0.0049738868615886575
T_GNFSW-1,sRLS,0.03521941863449256,0.024367280134125945
T_GNFSW-1,RMLE,0.03496580013234628,0.03139290743437196
T_GNFSW-1,sRMLE,0.03496535143933961,0.031405336929106714
T_GNFSW-1,Bayes,0.03464992603089693,0.04014311174439998
T_GNFSW-1,Ada Bayes,0.033985259653013994,0.0585554050530192
T_GNFSW-2,Persistent,0.03646553965835376,0.0
T_GNFSW-2,AR Logit Default,0.035535761000614265,0.025497460518906494
T_GNFSW-2,AR Flx Logit,0.03515054673211287,0.03606124956770367
T_GNFSW-2,RLS,0.036228609682970855,0.00649736648909365
T_GNFSW-2,sRLS,0.03494741938561165,0.04163164146110013
T_GNFSW-2,RMLE,0.03515287623244441,0.03599736732837943
T_GNFSW-2,sRMLE,0.03515254135640529,0.036006550684563335
T_GNFSW-2,Bayes,0.03480454518491705,0.04554970223939067
T_GNFSW-2,Ada Bayes,0.034241058807930096,0.061002274236576795
T_GORDW-1,Persistent,0.04583511816142433,-1.513881534998884e-16
T_GORDW-1,AR Logit Default,0.044540262443697146,0.028250297362971674
T_GORDW-1,AR Flx Logit,0.04464514755657247,0.025961984011058047
T_GORDW-1,RLS,0.04680391204823786,-0.021136498075593257
T_GORDW-1,sRLS,0.044620855610778325,0.02649196946257569
T_GORDW-1,RMLE,0.04463589369501312,0.02616387858296166
T_GORDW-1,sRMLE,0.04464529541199907,0.025958758200096334
T_GORDW-1,Bayes,0.0447220520300251,0.02428413356499219
T_GORDW-1,Ada Bayes,0.04451982077577385,0.028696280023064392
T_GRGBW-1,Persistent,0.02977396306808767,0.0
T_GRGBW-1,AR Logit Default,0.02705406227762621,0.09135165460646066
T_GRGBW-1,AR Flx Logit,0.02705409530811031,0.09135054523166826
T_GRGBW-1,RLS,0.027877977146921924,0.0636793266932578
T_GRGBW-1,sRLS,0.02705392890631206,0.09135613406772164
T_GRGBW-1,RMLE,0.027029403869068554,0.09217984158651661
T_GRGBW-1,sRMLE,0.0270541496628363,0.09134871965252495
T_GRGBW-1,Bayes,0.0270045504134475,0.093014579493735
T_GRGBW-1,Ada Bayes,0.02681132428036272,0.09950434817662439
T_GRGBW-2,Persistent,0.028653366171383688,-1.2108339841126852e-16
T_GRGBW-2,AR Logit Default,0.026101109321554017,0.08907354321177888
T_GRGBW-2,AR Flx Logit,0.026127195787011004,0.08816312782459691
T_GRGBW-2,RLS,0.026772976037974225,0.06562545294546993
T_GRGBW-2,sRLS,0.026184127209891984,0.08617622609233769
T_GRGBW-2,RMLE,0.026122445289809032,0.08832891976588429
T_GRGBW-2,sRMLE,0.026127864808052306,0.08813977904814597
T_GRGBW-2,Bayes,0.025994525362392523,0.0927933141637845
T_GRGBW-2,Ada Bayes,0.025826074113364177,0.09867224817875479
T_GRGBW-3,Persistent,0.029074649186876637,0.0
T_GRGBW-3,AR Logit Default,0.026325402338054193,0.09455821224709274
T_GRGBW-3,AR Flx Logit,0.026345964728111147,0.09385098479527416
T_GRGBW-3,RLS,0.026767558025592622,0.07935061043919187
T_GRGBW-3,sRLS,0.026332011761380208,0.094330886259992
T_GRGBW-3,RMLE,0.026323896458610788,0.09461000580214914
T_GRGBW-3,sRMLE,0.02634621761836232,0.09384228683130051
T_GRGBW-3,Bayes,0.02628571233448879,0.09592331912457548
T_GRGBW-3,Ada Bayes,0.026116564445274604,0.10174102953363294
T_GRIFW-1,Persistent,0.034085267620786175,-2.0357457600466932e-16
T_GRIFW-1,AR Logit Default,0.03426631169300073,-0.00531150508274587
T_GRIFW-1,AR Flx Logit,0.0339870382961311,0.002881870424134853
T_GRIFW-1,RLS,0.035044050078244966,-0.028128940283693282
T_GRIFW-1,sRLS,0.03380250365816384,0.008295782382236305
T_GRIFW-1,RMLE,0.03389637789711282,0.0055416822826457055
T_GRIFW-1,sRMLE,0.03397536043584059,0.003224477688376855
T_GRIFW-1,Bayes,0.033796844616654415,0.008461808407684757
T_GRIFW-1,Ada Bayes,0.03373988916744605,0.010132778101747812
T_GRIFW-2,Persistent,0.03237094604838067,0.0
T_GRIFW-2,AR Logit Default,0.03214980798018318,0.0068313748960869254
T_GRIFW-2,AR Flx Logit,0.031976919503435085,0.012172228280158596
T_GRIFW-2,RLS,0.032899859029821274,-0.016339126470079186
T_GRIFW-2,sRLS,0.03162583491956282,0.023017897830487577
T_GRIFW-2,RMLE,0.03194944479557239,0.01302097418402031
T_GRIFW-2,sRMLE,0.031974836901069226,0.012236563822368159
T_GRIFW-2,Bayes,0.03173159251585212,0.019750844833913477
T_GRIFW-2,Ada Bayes,0.03171480974425568,0.02026929652115661
T_GYMR-15,Persistent,0.03799281511178603,0.0
T_GYMR-15,AR Logit Default,0.03651512432722833,0.03889395350699598
T_GYMR-15,AR Flx Logit,0.03584138767367166,0.0566272183775863
T_GYMR-15,RLS,0.03640919668923311,0.04168205009008801
T_GYMR-15,sRLS,0.036205743743912264,0.0470370874760314
T_GYMR-15,RMLE,0.03584379518206192,0.05656385091236498
T_GYMR-15,sRMLE,0.035843352370378175,0.05657550605511872
T_GYMR-15,Bayes,0.03539822006147989,0.06829172944073973
T_GYMR-15,Ada Bayes,0.033809072517442806,0.11011931024414548
T_GYMR-17,Persistent,0.027066425905640804,1.2818267783300346e-16
T_GYMR-17,AR Logit Default,0.0323872606643054,-0.1965843136147393
T_GYMR-17,AR Flx Logit,0.031939567609363444,-0.18004378268159316
T_GYMR-17,RLS,0.03227747129559796,-0.19252802006899394
T_GYMR-17,sRLS,0.03204171407539219,-0.1838177004638985
T_GYMR-17,RMLE,0.03194075441809836,-0.18008763068498515
T_GYMR-17,sRMLE,0.03193958280032671,-0.18004434392907068
T_GYMR-17,Bayes,0.030124024945044302,-0.11296648660088783
T_GYMR-17,Ada Bayes,0.02715235345633814,-0.0031746914423387783
T_GYMR-26,Persistent,0.04129668286216366,0.0
T_GYMR-26,AR Logit Default,0.03922815667301167,0.050089402968662974
T_GYMR-26,AR Flx Logit,0.03904396815439315,0.054549531624353935
T_GYMR-26,RLS,0.039999557200647566,0.03140992379086533
T_GYMR-26,sRLS,0.03944021311000649,0.04495445211310377
T_GYMR-26,RMLE,0.03904607097853731,0.05449861169572
T_GYMR-26,sRMLE,0.0390457099886227,0.0545073530737094
T_GYMR-26,Bayes,0.03887741403904053,0.058582642852888486
T_GYMR-26,Ada Bayes,0.038226222017891706,0.07435127064612579
T_GYMR-28,Persistent,0.04000698123635238,3.4688415318885363e-16
T_GYMR-28,AR Logit Default,0.037735356115707844,0.05678071802579381
T_GYMR-28,AR Flx Logit,0.037385676934087994,0.06552117208689937
T_GYMR-28,RLS,0.03805760938143394,0.04872579221616338
T_GYMR-28,sRLS,0.0375236413266205,0.06207266414481193
T_GYMR-28,RMLE,0.037388619455079625,0.06544762189888975
T_GYMR-28,sRMLE,0.03738827470051131,0.06545623925910196
T_GYMR-28,Bayes,0.03723875106873447,0.0691936777549856
T_GYMR-28,Ada Bayes,0.03654701069286294,0.08648416942654868
T_HADHW-1,Persistent,0.035711911196239794,1.943019477668796e-16
T_HADHW-1,AR Logit Default,0.035720123425558324,-0.0002299577100031456
T_HADHW-1,AR Flx Logit,0.03571744975722558,-0.0001550900189951528
T_HADHW-1,RLS,0.03642668751252639,-0.020015067587921424
T_HADHW-1,sRLS,0.03545032244566191,0.007324972027972419
T_HADHW-1,RMLE,0.03571599075953729,-0.00011423536744005582
T_HADHW-1,sRMLE,0.03571975416643411,-0.00021961776705844865
T_HADHW-1,Bayes,0.03559526770201831,0.003266234998752221
T_HADHW-1,Ada Bayes,0.035245735696974215,0.013053781879774367
T_HMGTO-1,Persistent,0.04002191050089038,0.0
T_HMGTO-1,AR Logit Default,0.03936794685367179,0.016340140663800715
T_HMGTO-1,AR Flx Logit,0.03883304888987964,0.02970526884228309
T_HMGTO-1,RLS,0.04039485624143027,-0.009318539166979443
T_HMGTO-1,sRLS,0.03894591614776717,0.02688513216027681
T_HMGTO-1,RMLE,0.03883444915663807,0.02967028133816576
T_HMGTO-1,sRMLE,0.038834119039524294,0.02967852974784049
T_HMGTO-1,Bayes,0.03876564777674292,0.03138937418091298
T_HMGTO-1,Ada Bayes,0.03789448478194334,0.05315652582101763
T_HOWAO-1,Persistent,0.027607152222065785,2.5134406649741736e-16
T_HOWAO-1,AR Logit Default,0.02575415520755249,0.06712017956825848
T_HOWAO-1,AR Flx Logit,0.025821957602176995,0.06466420750423979
T_HOWAO-1,RLS,0.02616015725142954,0.05241377158342687
T_HOWAO-1,sRLS,0.02496956424661609,0.09554002362262985
T_HOWAO-1,RMLE,0.02582130183920453,0.06468796087681478
T_HOWAO-1,sRMLE,0.02582274712045243,0.06463560918054877
T_HOWAO-1,Bayes,0.02532278906929864,0.08274533839608814
T_HOWAO-1,Ada Bayes,0.024848872786225416,0.09991176973464667
T_HOWAO-2,Persistent,0.027982645494031583,-1.2398566649795899e-16
T_HOWAO-2,AR Logit Default,0.02479072420667013,0.11406788854335649
T_HOWAO-2,AR Flx Logit,0.02488625275658953,0.110654038700611
T_HOWAO-2,RLS,0.025498297473864968,0.08878174226580897
T_HOWAO-2,sRLS,0.02461437015230718,0.12037015379560231
T_HOWAO-2,RMLE,0.02488485613517726,0.11070394897133828
T_HOWAO-2,sRMLE,0.024886506634844426,0.11064496599678288
T_HOWAO-2,Bayes,0.02469506911586985,0.11748626050610328
T_HOWAO-2,Ada Bayes,0.024518059068043704,0.12381196862629866
T_HOWAO-3,Persistent,0.027907731940323668,0.0
T_HOWAO-3,AR Logit Default,0.02471416266652633,0.11443313561368186
T_HOWAO-3,AR Flx Logit,0.024769030892956515,0.11246707737048554
T_HOWAO-3,RLS,0.025802714415324963,0.07542775348064674
T_HOWAO-3,sRLS,0.024703312545661327,0.11482192109034486
T_HOWAO-3,RMLE,0.024775998177921706,0.11221742308184292
T_HOWAO-3,sRMLE,0.024776617662743593,0.112195225476419
T_HOWAO-3,Bayes,0.02485063883073099,0.10954287206605667
T_HOWAO-3,Ada Bayes,0.024768395835489676,0.11248983298058661
T_HRSTW-1,Persistent,0.03468022266989496,-2.000821612351039e-16
T_HRSTW-1,AR Logit Default,0.0344934037909077,0.005386899639183377
T_HRSTW-1,AR Flx Logit,0.03432860552452203,0.010138837593974206
T_HRSTW-1,RLS,0.03551001699010094,-0.02392701823469852
T_HRSTW-1,sRLS,0.03421565493905285,0.013395753979555267
T_HRSTW-1,RMLE,0.034263234599669734,0.012023800256253792
T_HRSTW-1,sRMLE,0.03433279268025788,0.010018101467920284
T_HRSTW-1,Bayes,0.03430610209220404,0.010787721326128607
T_HRSTW-1,Ada Bayes,0.03429962905054183,0.010974370694669926
T_KILBW-1,Persistent,0.04482947999444428,-1.5478417114736033e-16
T_KILBW-1,AR Logit Default,0.04368980108177906,0.025422532512231973
T_KILBW-1,AR Flx Logit,0.043690737065035755,0.025401653767780603
T_KILBW-1,RLS,0.045769418369857075,-0.02096697029564666
T_KILBW-1,sRLS,0.043507099723175124,0.029498006031589787
T_KILBW-1,RMLE,0.04369123033358283,0.02539065054964961
T_KILBW-1,sRMLE,0.04369078361698855,0.025400615345010622
T_KILBW-1,Bayes,0.04350661752377011,0.029508762333136807
T_KILBW-1,Ada Bayes,0.04314885804739929,0.037489213509799
T_KLGLW-1,Persistent,0.03519784635704183,0.0
T_KLGLW-1,AR Logit Default,0.0347269908494011,0.013377395391310151
T_KLGLW-1,AR Flx Logit,0.03468149228662941,0.014670047285694755
T_KLGLW-1,RLS,0.03580542135965702,-0.017261709607231064
T_KLGLW-1,sRLS,0.03420413887042382,0.028232053647202986
T_KLGLW-1,RMLE,0.03465462888994258,0.01543325865988887
T_KLGLW-1,sRMLE,0.03468014043184137,0.014708454601140212
T_KLGLW-1,Bayes,0.03447418645297834,0.020559777911489
T_KLGLW-1,Ada Bayes,0.034164486185643425,0.029358619300628545
T_LARYW-1,Persistent,0.03372793876494414,0.0
T_LARYW-1,AR Logit Default,0.03139425212726418,0.06919149889187792
T_LARYW-1,AR Flx Logit,0.0315836189525367,0.06357695996045223
T_LARYW-1,RLS,0.03319922478089149,0.015675846298742163
T_LARYW-1,sRLS,0.031759295717681574,0.058368317761200376
T_LARYW-1,RMLE,0.031583330445928294,0.06358551389582373
T_LARYW-1,sRMLE,0.0315850293926661,0.06353514180668873
T_LARYW-1,Bayes,0.03180220650260829,0.05709605546181212
T_LARYW-1,Ada Bayes,0.0314418782868651,0.06777943040074264
T_LARYW-2,Persistent,0.03207968215248074,0.0
T_LARYW-2,AR Logit Default,0.03056579459335212,0.047191476272515076
T_LARYW-2,AR Flx Logit,0.030609414263222775,0.045831747405398464
T_LARYW-2,RLS,0.0313242803842776,0.02354766997417794
T_LARYW-2,sRLS,0.03046350877333179,0.0503799685878113
T_LARYW-2,RMLE,0.030608989311723813,0.04584499415444485
T_LARYW-2,sRMLE,0.03060934320363934,0.0458339625016422
T_LARYW-2,Bayes,0.03019101764258356,0.058874165302511584
T_LARYW-2,Ada Bayes,0.029751304454548176,0.07258107131066167
T_LARYW-3,Persistent,0.034333460131524204,-2.0210295954225991e-16
T_LARYW-3,AR Logit Default,0.0321698510594985,0.06301750722873162
T_LARYW-3,AR Flx Logit,0.03227082938017811,0.06007640195437876
T_LARYW-3,RLS,0.03379847422073573,0.01558205635957022
T_LARYW-3,sRLS,0.03266888684489174,0.04848253803303918
T_LARYW-3,RMLE,0.03227279736058359,0.06001908234843346
T_LARYW-3,sRMLE,0.03227289546086165,0.060016225069333566
T_LARYW-3,Bayes,0.03233072015056964,0.05833201702602899
T_LARYW-3,Ada Bayes,0.03183148659495201,0.07287274649824567
T_LARYW-4,Persistent,0.03450105551308663,0.0
T_LARYW-4,AR Logit Default,0.032208025531816044,0.06646260374268306
T_LARYW-4,AR Flx Logit,0.032406232327575155,0.06071765499223313
T_LARYW-4,RLS,0.03345477696659232,0.030325986580249632
T_LARYW-4,sRLS,0.03259179411446954,0.055339217024617963
T_LARYW-4,RMLE,0.03240697367808335,0.060696167229114806
T_LARYW-4,sRMLE,0.03240794424512584,0.06066803571174377
T_LARYW-4,Bayes,0.032490576583056346,0.05827296875794678
T_LARYW-4,Ada Bayes,0.032045999070966204,0.07115887921716475
T_LCLTW-1,Persistent,0.046412597850053465,0.0
T_LCLTW-1,AR Logit Default,0.04614485009700306,0.0057688594358675195
T_LCLTW-1,AR Flx Logit,0.046121847260526226,0.0062644756595305285
T_LCLTW-1,RLS,0.04788584927724191,-0.031742490087456915
T_LCLTW-1,sRLS,0.0460511139097045,0.007788487546351635
T_LCLTW-1,RMLE,0.04612315070740567,0.006236391756887213
T_LCLTW-1,sRMLE,0.04612335358342829,0.006232020615601915
T_LCLTW-1,Bayes,0.04599230105927429,0.009055661829941884
T_LCLTW-1,Ada Bayes,0.045750621480277955,0.014262859663968322
T_LNCSW-1,Persistent,0.037707587856589356,1.84018503922803e-16
T_LNCSW-1,AR Logit Default,0.03824380443955332,-0.014220389408182488
T_LNCSW-1,AR Flx Logit,0.03670592703352632,0.026563906099551886
T_LNCSW-1,RLS,0.03817132309376313,-0.012298194170824674
T_LNCSW-1,sRLS,0.03730211597617531,0.010753058030552222
T_LNCSW-1,RMLE,0.03670737189161857,0.02652558866334386
T_LNCSW-1,sRMLE,0.03670707216433794,0.026533537389254777
T_LNCSW-1,Bayes,0.036780878685882756,0.024576198674683056
T_LNCSW-1,Ada Bayes,0.03586903437034676,0.04875818345196313
T_LNCSW-2,Persistent,0.03754695604703195,0.0
T_LNCSW-2,AR Logit Default,0.0368190579144964,0.01938634204125022
T_LNCSW-2,AR Flx Logit,0.03595691805346538,0.042347986653694554
T_LNCSW-2,RLS,0.03823497004328766,-0.01832409517815221
T_LNCSW-2,sRLS,0.0367045680012352,0.02243558824692895
T_LNCSW-2,RMLE,0.035958724059414984,0.04229988672390691
T_LNCSW-2,sRMLE,0.035958484339024606,0.04230627127316513
T_LNCSW-2,Bayes,0.03606994081376638,0.03933781559856492
T_LNCSW-2,Ada Bayes,0.035487590565204744,0.05484773464052872
T_MIDMW-1,Persistent,0.04083938845017877,0.0
T_MIDMW-1,AR Logit Default,0.040290891968444896,0.013430575298721683
T_MIDMW-1,AR Flx Logit,0.04033303267404366,0.01239871103243445
T_MIDMW-1,RLS,0.0414255003012718,-0.01435163143561889
T_MIDMW-1,sRLS,0.04032387546017786,0.012622936081175496
T_MIDMW-1,RMLE,0.040330913065615655,0.012450612113925669
T_MIDMW-1,sRMLE,0.04033017056572859,0.012468793088598516
T_MIDMW-1,Bayes,0.040213112169958244,0.01533510427034274
T_MIDMW-1,Ada Bayes,0.040098376101484146,0.0181445505629597
T_MILWW-1,Persistent,0.03858626347749459,0.0
T_MILWW-1,AR Logit Default,0.03704695008180535,0.03989278196338037
T_MILWW-1,AR Flx Logit,0.03698568501820547,0.04148052480444641
T_MILWW-1,RLS,0.038403277753311725,0.004742250420012536
T_MILWW-1,sRLS,0.03705042014290917,0.03980285200408681
T_MILWW-1,RMLE,0.03697185736808439,0.04183888161007858
T_MILWW-1,sRMLE,0.03698558087629947,0.04148322374175249
T_MILWW-1,Bayes,0.03691441164218476,0.043327642654099864
T_MILWW-1,Ada Bayes,0.03681354725042221,0.045941640037427074
T_MKHLW-1,Persistent,0.03646057032627796,-1.9031226998954021e-16
T_MKHLW-1,AR Logit Default,0.038160087333120964,-0.046612463591062636
T_MKHLW-1,AR Flx Logit,0.03719162581965056,-0.020050577564490805
T_MKHLW-1,RLS,0.03760530310585226,-0.03139645840233247
T_MKHLW-1,sRLS,0.03642917188087362,0.0008611616637741904
T_MKHLW-1,RMLE,0.036923022637314895,-0.012683628009615679
T_MKHLW-1,sRMLE,0.0371903358999583,-0.02001519908081054
T_MKHLW-1,Bayes,0.03680072467526879,-0.009329375430687698
T_MKHLW-1,Ada Bayes,0.03667623084455292,-0.005914897006411682
T_OMNDW-1,Persistent,0.034077181053729914,2.036228845621528e-16
T_OMNDW-1,AR Logit Default,0.03354136087373203,0.01572372371860972
T_OMNDW-1,AR Flx Logit,0.03319384665237022,0.02592158077767458
T_OMNDW-1,RLS,0.03325296266361532,0.02418681254224187
T_OMNDW-1,sRLS,0.032716804723186346,0.039920447891468855
T_OMNDW-1,RMLE,0.03318487115207479,0.026184968182908587
T_OMNDW-1,sRMLE,0.033190816794662556,0.0260104924075094
T_OMNDW-1,Bayes,0.03273404558854674,0.03941451210607592
T_OMNDW-1,Ada Bayes,0.032460878104115964,0.04743065299519675
T_RCBKO-1,Persistent,0.03227207244376877,0.0
T_RCBKO-1,AR Logit Default,0.030697638441952398,0.04878626882607818
T_RCBKO-1,AR Flx Logit,0.030713626862513038,0.048290842925293585
T_RCBKO-1,RLS,0.032377684263735704,-0.0032725453300513126
T_RCBKO-1,sRLS,0.030576088678010316,0.05255267596196545
T_RCBKO-1,RMLE,0.030713990147380264,0.04827958598268911
T_RCBKO-1,sRMLE,0.030713819483425314,0.048284874268876746
T_RCBKO-1,Bayes,0.030688866736206667,0.049058073674093886
T_RCBKO-1,Ada Bayes,0.030469520967898088,0.055854841024277846
T_RCBKO-2,Persistent,0.03217566123714049,2.156566061771447e-16
T_RCBKO-2,AR Logit Default,0.030622897862444022,0.048258942162907686
T_RCBKO-2,AR Flx Logit,0.03065788046146889,0.04717170424207556
T_RCBKO-2,RLS,0.031739110796804006,0.01356772241972073
T_RCBKO-2,sRLS,0.030625261076918073,0.04818549489304012
T_RCBKO-2,RMLE,0.030660244812431132,0.04709822165084558
T_RCBKO-2,sRMLE,0.030660148017727634,0.0471012299714139
T_RCBKO-2,Bayes,0.03061505780500723,0.04850260638410304
T_RCBKO-2,Ada Bayes,0.030364444196501555,0.056291525053360686
T_RMPNO-1,Persistent,0.03371473042374941,0.0
T_RMPNO-1,AR Logit Default,0.031953680674221836,0.05223383747677988
T_RMPNO-1,AR Flx Logit,0.032145689497634924,0.046538735632577294
T_RMPNO-1,RLS,0.03266649156952057,0.031091420309575946
T_RMPNO-1,sRLS,0.0318946788378915,0.05398386886035494
T_RMPNO-1,RMLE,0.032146089981464294,0.04652685703161159
T_RMPNO-1,sRMLE,0.03214743650987409,0.04648691815644129
T_RMPNO-1,Bayes,0.03212336796970392,0.047200806117805895
T_RMPNO-1,Ada Bayes,0.031812753804798144,0.056413816603186305
T_RMPNO-2,Persistent,0.03380414713831725,2.0526753346313355e-16
T_RMPNO-2,AR Logit Default,0.03208273249047383,0.050923179360209105
T_RMPNO-2,AR Flx Logit,0.032303329017375475,0.044397455578478316
T_RMPNO-2,RLS,0.032965115682053694,0.02482037049568149
T_RMPNO-2,sRLS,0.03191945470173218,0.05575329053188174
T_RMPNO-2,RMLE,0.032303296237757156,0.04439842527069342
T_RMPNO-2,sRMLE,0.0323051298101892,0.04434418422078486
T_RMPNO-2,Bayes,0.03223822868211003,0.04632326471068547
T_RMPNO-2,Ada Bayes,0.03199991924847228,0.0533729746963465
T_RREW-1,Persistent,0.03633331325825864,0.0
T_RREW-1,AR Logit Default,0.03335076645009571,0.0820884896173072
T_RREW-1,AR Flx Logit,0.03334508513266438,0.08224485623851077
T_RREW-1,RLS,0.0348721890095284,0.04021445108362445
T_RREW-1,sRLS,0.033245447062183325,0.08498718996879367
T_RREW-1,RMLE,0.033344257915819416,0.08226762368719039
T_RREW-1,sRMLE,0.03334406530033818,0.08227292503363984
T_RREW-1,Bayes,0.033155542259996326,0.08746163543287652
T_RREW-1,Ada Bayes,0.03273590679613496,0.09901124173711258
T_RRWW-1,Persistent,0.0355392711943987,0.0
T_RRWW-1,AR Logit Default,0.03253889256804209,0.08442431500479099
T_RRWW-1,AR Flx Logit,0.032551261667378414,0.08407627468430541
T_RRWW-1,RLS,0.034937502690713156,0.016932494208839913
T_RRWW-1,sRLS,0.03263032154014053,0.08185169691146185
T_RRWW-1,RMLE,0.03254886664935679,0.08414366543096762
T_RRWW-1,sRMLE,0.03254870799852646,0.08414812953011773
T_RRWW-1,Bayes,0.03243414316458371,0.08737174189166784
T_RRWW-1,Ada Bayes,0.032126087567954334,0.09603977548595077
T_SANQW-1,Persistent,0.0403970440170253,-1.7176736745844173e-16
T_SANQW-1,AR Logit Default,0.038454333523013605,0.04809041209037307
T_SANQW-1,AR Flx Logit,0.03846033826841923,0.04794176890244346
T_SANQW-1,RLS,0.03942028685039078,0.02417892671114402
T_SANQW-1,sRLS,0.0382740365424216,0.05255353519700485
T_SANQW-1,RMLE,0.03845906869977129,0.04797319616844353
T_SANQW-1,sRMLE,0.038459049677016396,0.04797366706316751
T_SANQW-1,Bayes,0.038414169713193676,0.04908463854424435
T_SANQW-1,Ada Bayes,0.03812203201550453,0.05631629880052514
T_SHRSW-1,Persistent,0.03370631404006091,2.05863325656438e-16
T_SHRSW-1,AR Logit Default,0.032152705773411595,0.04609249960713031
T_SHRSW-1,AR Flx Logit,0.03212182790163149,0.04700858529194906
T_SHRSW-1,RLS,0.03271100723940208,0.029528793907155845
T_SHRSW-1,sRLS,0.03215874418042076,0.04591335195538811
T_SHRSW-1,RMLE,0.032123005566274086,0.046973646299771035
T_SHRSW-1,sRMLE,0.03212261594189382,0.0469852056883118
T_SHRSW-1,Bayes,0.03185015571250397,0.05506856446394128
T_SHRSW-1,Ada Bayes,0.031468944701226215,0.06637834490521634
T_SHRSW-2,Persistent,0.03428024416074396,2.0241670016613548e-16
T_SHRSW-2,AR Logit Default,0.032176231214891285,0.061376836640565535
T_SHRSW-2,AR Flx Logit,0.03217855596101537,0.06130902072556846
T_SHRSW-2,RLS,0.033079924415264396,0.03501491237492756
T_SHRSW-2,sRLS,0.032285102510602716,0.05820091714591664
T_SHRSW-2,RMLE,0.03217984940463589,0.061271289266759225
T_SHRSW-2,sRMLE,0.03217968949001341,0.061275954187514504
T_SHRSW-2,Bayes,0.032145724202598217,0.06226676648324745
T_SHRSW-2,Ada Bayes,0.031797734990599076,0.07241807142633301
T_STLGW-1,Persistent,0.043144465601058744,1.6082929310258858e-16
T_STLGW-1,AR Logit Default,0.04156924783384833,0.036510308918318565
T_STLGW-1,AR Flx Logit,0.04156410950474203,0.036629404821691476
T_STLGW-1,RLS,0.04340482521950097,-0.0060346006101840936
T_STLGW-1,sRLS,0.0415006490783668,0.03810028701923736
T_STLGW-1,RMLE,0.04156156826411797,0.03668830555411809
T_STLGW-1,sRMLE,0.04156443907274773,0.03662176611296919
T_STLGW-1,Bayes,0.04149144565691056,0.03831360340473482
T_STLGW-1,Ada Bayes,0.04139608217478138,0.040523932836346664
T_STLGW-2,Persistent,0.04079649202589072,1.7008555293194304e-16
T_STLGW-2,AR Logit Default,0.03905585246140112,0.04266640287074043
T_STLGW-2,AR Flx Logit,0.039055831349779746,0.042666920356934125
T_STLGW-2,RLS,0.040450089538686125,0.008490987092340217
T_STLGW-2,sRLS,0.03901570402940128,0.043650517680767796
T_STLGW-2,RMLE,0.039058134175272596,0.0426104737023691
T_STLGW-2,sRMLE,0.03905741324290835,0.04262814513264273
T_STLGW-2,Bayes,0.03906863450913568,0.04235309044852407
T_STLGW-2,Ada Bayes,0.038933662701799036,0.045661507438175764
T_STLGW-3,Persistent,0.04265893398457015,0.0
T_STLGW-3,AR Logit Default,0.041247046981953944,0.033097099968013494
T_STLGW-3,AR Flx Logit,0.0412756582524155,0.03242640176275823
T_STLGW-3,RLS,0.043289637460927684,-0.014784792245058449
T_STLGW-3,sRLS,0.04092021281460357,0.04075866430688308
T_STLGW-3,RMLE,0.04127800267661816,0.032371444360318025
T_STLGW-3,sRMLE,0.04127711896622582,0.032392160077045845
T_STLGW-3,Bayes,0.040963100236961585,0.039753308139906955
T_STLGW-3,Ada Bayes,0.040821295835057364,0.043077451259739996
T_STRNW-1,Persistent,0.04453807806657603,0.0
T_STRNW-1,AR Logit Default,0.04297751603623841,0.03503882740527951
T_STRNW-1,AR Flx Logit,0.042958253041001204,0.035471333612853394
T_STRNW-1,RLS,0.044640450115745633,-0.0022985286661129692
T_STRNW-1,sRLS,0.04283579697114049,0.03822080272280613
T_STRNW-1,RMLE,0.042944615306663915,0.0357775375383327
T_STRNW-1,sRMLE,0.042952896697160944,0.035591597981519084
T_STRNW-1,Bayes,0.04300906285616813,0.034330516196103285
T_STRNW-1,Ada Bayes,0.04272444297797694,0.04072100026157509
T_TDBNW-1,Persistent,0.044708230739440434,0.0
T_TDBNW-1,AR Logit Default,0.04539447827244498,-0.01534946746168496
T_TDBNW-1,AR Flx Logit,0.04525285678559758,-0.012181784811195674
T_TDBNW-1,RLS,0.046871693446315,-0.04839070281003121
T_TDBNW-1,sRLS,0.044947332805858504,-0.0053480547644919624
T_TDBNW-1,RMLE,0.04525363371560324,-0.012199162595840848
T_TDBNW-1,sRMLE,0.04525383218953938,-0.012203601911216508
T_TDBNW-1,Bayes,0.04503384318357599,-0.007283053673790558
T_TDBNW-1,Ada Bayes,0.04473035466699665,-0.0004948513325243504
T_WDNSO-1,Persistent,0.03580782409824682,0.0
T_WDNSO-1,AR Logit Default,0.033858289812566326,0.05444436613438197
T_WDNSO-1,AR Flx Logit,0.033702990117094454,0.0587813985953819
T_WDNSO-1,RLS,0.0347265956433805,0.030195312954502018
T_WDNSO-1,sRLS,0.033844786425440615,0.05482147330204069
T_WDNSO-1,RMLE,0.03370401271971149,0.05875284051784471
T_WDNSO-1,sRMLE,0.03370376601796295,0.05875973012241456
T_WDNSO-1,Bayes,0.03375394556133931,0.057358373166496675
T_WDNSO-1,Ada Bayes,0.03318885200937794,0.07313966025087541
T_WDNSO-2,Persistent,0.035858452347362284,0.0
T_WDNSO-2,AR Logit Default,0.03299997102636767,0.07971569138858507
T_WDNSO-2,AR Flx Logit,0.03319904841790146,0.07416393501033094
T_WDNSO-2,RLS,0.033867193977384066,0.055531073976333854
T_WDNSO-2,sRLS,0.033234621822303974,0.07317188426430558
T_WDNSO-2,RMLE,0.033198315694082305,0.07418436879291743
T_WDNSO-2,sRMLE,0.03319860212461392,0.0741763809821542
T_WDNSO-2,Bayes,0.03319501454949158,0.07427642922426976
T_WDNSO-2,Ada Bayes,0.032987857840679376,0.08005349697960588
T_WHIHW-1,Persistent,0.04483665449308449,0.0
T_WHIHW-1,AR Logit Default,0.04451980202945216,0.0070668177011557354
T_WHIHW-1,AR Flx Logit,0.04422850511840191,0.013563665299256114
T_WHIHW-1,RLS,0.045243203319794374,-0.00906733188071795
T_WHIHW-1,sRLS,0.04390517755278286,0.020774898369040996
T_WHIHW-1,RMLE,0.04422751565682793,0.013585733439378675
T_WHIHW-1,sRMLE,0.044227135737385216,0.013594206851300384
T_WHIHW-1,Bayes,0.04382668479434711,0.022525536531570668
T_WHIHW-1,Ada Bayes,0.04304660068890871,0.03992389317208926
T_WHILW-1,Persistent,0.029774773886838208,0.0
T_WHILW-1,AR Logit Default,0.029774126036675248,2.1758357105331245e-05
T_WHILW-1,AR Flx Logit,0.029752292071828768,0.000755062493333582
T_WHILW-1,RLS,0.03092098864538347,-0.038496170043190135
T_WHILW-1,sRLS,0.02968901952765451,0.002880101105372436
T_WHILW-1,RMLE,0.029751938995279437,0.0007669207378553648
T_WHILW-1,sRMLE,0.029753558512507206,0.0007125284783566362
T_WHILW-1,Bayes,0.029363226268339284,0.013822023302781369
T_WHILW-1,Ada Bayes,0.02872314212354999,0.03531955497915928
T_WHILW-2,Persistent,0.030215482094505,2.296469697953003e-16
T_WHILW-2,AR Logit Default,0.029487974903443796,0.024077298809457533
T_WHILW-2,AR Flx Logit,0.02938567776127251,0.027462885769524277
T_WHILW-2,RLS,0.030069555252466913,0.004829538763660216
T_WHILW-2,sRLS,0.029283772591258705,0.030835500169489022
T_WHILW-2,RMLE,0.029374947876795544,0.0278179979085067
T_WHILW-2,sRMLE,0.02938562613858409,0.02746459425420963
T_WHILW-2,Bayes,0.029177163221170175,0.03436380296985764
T_WHILW-2,Ada Bayes,0.028916679260138883,0.0429846801816319
T_WLNYO-2,Persistent,0.03582980057455995,1.9366264373891085e-16
T_WLNYO-2,AR Logit Default,0.03228597764958096,0.09890713507055353
T_WLNYO-2,AR Flx Logit,0.03247101211913403,0.09374287329443722
T_WLNYO-2,RLS,0.03319033448511222,0.07366678148138564
T_WLNYO-2,sRLS,0.03267841527939557,0.08795430743764583
T_WLNYO-2,RMLE,0.032469432434923055,0.0937869618516059
T_WLNYO-2,sRMLE,0.03247074160998409,0.09375042313132168
T_WLNYO-2,Bayes,0.03253727772791851,0.09189341815592529
T_WLNYO-2,Ada Bayes,0.03243421710699211,0.09476981208705901
T_WLNYO-3,Persistent,0.03386694327117656,2.0488692611986549e-16
T_WLNYO-3,AR Logit Default,0.03166696070272014,0.06495958465577796
T_WLNYO-3,AR Flx Logit,0.03170454859605519,0.06384971498038153
T_WLNYO-3,RLS,0.03240518976631269,0.04316166041793159
T_WLNYO-3,sRLS,0.03168114195894613,0.06454085019508465
T_WLNYO-3,RMLE,0.031703610930728064,0.06387740172257193
T_WLNYO-3,sRMLE,0.031703477293907295,0.06388134765946087
T_WLNYO-3,Bayes,0.03164317255560731,0.0656619848376414
T_WLNYO-3,Ada Bayes,0.031370748233971395,0.07370594438411061
T_WLNYO-4,Persistent,0.030238893265951444,2.2946917543838555e-16
T_WLNYO-4,AR Logit Default,0.027864530893166393,0.07852014794002249
T_WLNYO-4,AR Flx Logit,0.027871925845915375,0.07827559690159848
T_WLNYO-4,RLS,0.028948523899258043,0.04267250640903398
T_WLNYO-4,sRLS,0.027354049388730248,0.09540176791025269
T_WLNYO-4,RMLE,0.027871342996027462,0.07829487174353089
T_WLNYO-4,sRMLE,0.027871246137959018,0.07829807483921275
T_WLNYO-4,Bayes,0.027964992835449804,0.07519787217417859
T_WLNYO-4,Ada Bayes,0.027737803395586808,0.0827110254455256
T_WLNYW-1,Persistent,0.03547355363065123,1.9560752148359943e-16
T_WLNYW-1,AR Logit Default,0.03316905174466175,0.06496394215205621
T_WLNYW-1,AR Flx Logit,0.03319308979767313,0.06428630908316024
T_WLNYW-1,RLS,0.034263588670472314,0.03410893007159684
T_WLNYW-1,sRLS,0.03367193595226534,0.05078762892334505
T_WLNYW-1,RMLE,0.033185924458751806,0.06448830009302438
T_WLNYW-1,sRMLE,0.03318588122845998,0.06448951875558849
T_WLNYW-1,Bayes,0.03322459054733925,0.06339830248551001
T_WLNYW-1,Ada Bayes,0.03298619292581484,0.07011873495209041
T_WTMSO-1,Persistent,0.0374906287403907,3.7016684633147147e-16
T_WTMSO-1,AR Logit Default,0.036510898455972746,0.026132671479111504
T_WTMSO-1,AR Flx Logit,0.03612893267388501,0.03632097172696038
T_WTMSO-1,RLS,0.03737365548787632,0.003120066439119732
T_WTMSO-1,sRLS,0.035925352924375833,0.04175112204316064
T_WTMSO-1,RMLE,0.036131018836913525,0.036265326807187
T_WTMSO-1,sRMLE,0.036130681180135286,0.03627433323864957
T_WTMSO-1,Bayes,0.03593013682075717,0.04162351958510465
T_WTMSO-1,Ada Bayes,0.03536972022982744,0.05657169756340466
T_MOWEO-2,Persistent,,
T_MOWEO-2,AR Logit Default,,
T_MOWEO-2,AR Flx Logit,,
T_MOWEO-2,RLS,,
T_MOWEO-2,sRLS,,
T_MOWEO-2,RMLE,,
T_MOWEO-2,sRMLE,,
T_MOWEO-2,Bayes,,
T_MOWEO-2,Ada Bayes,,
T_MOWEO-3,Persistent,,
T_MOWEO-3,AR Logit Default,,
T_MOWEO-3,AR Flx Logit,,
T_MOWEO-3,RLS,,
T_MOWEO-3,sRLS,,
T_MOWEO-3,RMLE,,
T_MOWEO-3,sRMLE,,
T_MOWEO-3,Bayes,,
T_MOWEO-3,Ada Bayes,,
T_MOWEO-1,Persistent,,
T_MOWEO-1,AR Logit Default,,
T_MOWEO-1,AR Flx Logit,,
T_MOWEO-1,RLS,,
T_MOWEO-1,sRLS,,
T_MOWEO-1,RMLE,,
T_MOWEO-1,sRMLE,,
T_MOWEO-1,Bayes,,
T_MOWEO-1,Ada Bayes,,
T_HOWBO-3,Persistent,,
T_HOWBO-3,AR Logit Default,,
T_HOWBO-3,AR Flx Logit,,
T_HOWBO-3,RLS,,
T_HOWBO-3,sRLS,,
T_HOWBO-3,RMLE,,
T_HOWBO-3,sRMLE,,
T_HOWBO-3,Bayes,,
T_HOWBO-3,Ada Bayes,,
